HDI rank (2021),Country,Year,Human Development Index (HDI Value),Change in HDI rank (2015-2021) ,Average annual HDI growth in past 10 years (%),Average annual HDI growth from 1990-2021 (%)
,Switzerland,1990,0.851,,,
,Norway,1990,0.838,,,
,Iceland,1990,0.811,,,
,"China, Hong Kong SAR",1990,0.788,,,
,Australia,1990,0.865,,,
,Denmark,1990,0.834,,,
,Sweden,1990,0.81,,,
,Ireland,1990,0.737,,,
,Germany,1990,0.829,,,
,Netherlands,1990,0.847,,,
,Finland,1990,0.814,,,
,Singapore,1990,0.727,,,
,Belgium,1990,0.816,,,
,New Zealand,1990,0.806,,,
,Canada,1990,0.86,,,
,Liechtenstein,1990,,,,
,Luxembourg,1990,0.786,,,
,United Kingdom,1990,0.804,,,
,Japan,1990,0.845,,,
,Republic of Korea,1990,0.737,,,
,United States of America,1990,0.872,,,
,Israel,1990,0.787,,,
,Malta,1990,0.73,,,
,Slovenia,1990,,,,
,Austria,1990,0.825,,,
,United Arab Emirates,1990,0.728,,,
,Spain,1990,0.757,,,
,France,1990,0.791,,,
,Cyprus,1990,0.716,,,
,Italy,1990,0.778,,,
,Estonia,1990,0.732,,,
,Czechia,1990,0.742,,,
,Greece,1990,0.759,,,
,Poland,1990,0.716,,,
,Bahrain,1990,0.742,,,
,Lithuania,1990,0.734,,,
,Saudi Arabia,1990,0.678,,,
,Portugal,1990,0.701,,,
,Latvia,1990,0.73,,,
,Andorra,1990,,,,
,Croatia,1990,,,,
,Chile,1990,0.706,,,
,Qatar,1990,0.758,,,
,San Marino,1990,,,,
,Slovakia,1990,0.692,,,
,Hungary,1990,0.72,,,
,Argentina,1990,0.723,,,
,Türkiye,1990,0.6,,,
,Montenegro,1990,,,,
,Kuwait,1990,0.718,,,
,Brunei Darussalam,1990,0.77,,,
,Russian Federation,1990,0.743,,,
,Romania,1990,0.703,,,
,Oman,1990,,,,
,Bahamas,1990,,,,
,Kazakhstan,1990,0.673,,,
,Trinidad and Tobago,1990,0.66,,,
,Costa Rica,1990,0.66,,,
,Uruguay,1990,0.701,,,
,Belarus,1990,,,,
,Panama,1990,0.669,,,
,Malaysia,1990,0.64,,,
,Georgia,1990,,,,
,Mauritius,1990,0.626,,,
,Serbia,1990,,,,
,Thailand,1990,0.576,,,
,Albania,1990,0.647,,,
,Bulgaria,1990,0.684,,,
,Grenada,1990,,,,
,Barbados,1990,0.725,,,
,Antigua and Barbuda,1990,,,,
,Seychelles,1990,,,,
,Sri Lanka,1990,0.636,,,
,Bosnia and Herzegovina,1990,,,,
,Saint Kitts and Nevis,1990,,,,
,Iran (Islamic Republic of),1990,0.601,,,
,Ukraine,1990,0.729,,,
,North Macedonia,1990,,,,
,China,1990,0.484,,,
,Dominican Republic,1990,0.577,,,
,Moldova (Republic of),1990,0.653,,,
,Palau,1990,,,,
,Cuba,1990,0.68,,,
,Peru,1990,0.621,,,
,Armenia,1990,0.656,,,
,Mexico,1990,0.662,,,
,Brazil,1990,0.61,,,
,Colombia,1990,0.61,,,
,Saint Vincent and the Grenadines,1990,,,,
,Maldives,1990,,,,
,Algeria,1990,0.591,,,
,Azerbaijan,1990,,,,
,Tonga,1990,0.645,,,
,Turkmenistan,1990,,,,
,Ecuador,1990,0.651,,,
,Mongolia,1990,0.579,,,
,Egypt,1990,0.572,,,
,Tunisia,1990,0.576,,,
,Fiji,1990,0.642,,,
,Suriname,1990,,,,
,Uzbekistan,1990,,,,
,Dominica,1990,,,,
,Jordan,1990,0.622,,,
,Libya,1990,0.666,,,
,Paraguay,1990,0.595,,,
,"Palestine, State of",1990,,,,
,Saint Lucia,1990,0.69,,,
,Guyana,1990,0.509,,,
,South Africa,1990,0.632,,,
,Jamaica,1990,0.659,,,
,Samoa,1990,,,,
,Gabon,1990,0.61,,,
,Lebanon,1990,,,,
,Indonesia,1990,0.526,,,
,Viet Nam,1990,0.482,,,
,Philippines,1990,0.598,,,
,Botswana,1990,0.586,,,
,Bolivia (Plurinational State of),1990,0.55,,,
,Kyrgyzstan,1990,0.638,,,
,Venezuela (Bolivarian Republic of),1990,0.659,,,
,Iraq,1990,0.528,,,
,Tajikistan,1990,0.628,,,
,Belize,1990,0.593,,,
,Morocco,1990,0.447,,,
,El Salvador,1990,0.525,,,
,Nicaragua,1990,0.49,,,
,Bhutan,1990,,,,
,Cabo Verde,1990,,,,
,Bangladesh,1990,0.397,,,
,Tuvalu,1990,0.559,,,
,Marshall Islands,1990,,,,
,India,1990,0.434,,,
,Ghana,1990,0.46,,,
,Micronesia (Federated States of),1990,,,,
,Guatemala,1990,0.484,,,
,Kiribati,1990,,,,
,Honduras,1990,0.516,,,
,Sao Tome and Principe,1990,0.485,,,
,Namibia,1990,0.579,,,
,Lao People's Democratic Republic,1990,0.405,,,
,Timor-Leste,1990,,,,
,Vanuatu,1990,,,,
,Nepal,1990,0.399,,,
,Eswatini (Kingdom of),1990,0.545,,,
,Equatorial Guinea,1990,,,,
,Cambodia,1990,0.378,,,
,Zimbabwe,1990,0.509,,,
,Angola,1990,,,,
,Myanmar,1990,0.333,,,
,Syrian Arab Republic,1990,0.562,,,
,Cameroon,1990,0.452,,,
,Kenya,1990,0.474,,,
,Congo,1990,0.522,,,
,Zambia,1990,0.412,,,
,Solomon Islands,1990,,,,
,Comoros,1990,,,,
,Papua New Guinea,1990,0.37,,,
,Mauritania,1990,0.397,,,
,Côte d'Ivoire,1990,0.427,,,
,United Republic of Tanzania,1990,0.371,,,
,Pakistan,1990,0.4,,,
,Togo,1990,0.41,,,
,Haiti,1990,0.429,,,
,Nigeria,1990,,,,
,Rwanda,1990,0.319,,,
,Benin,1990,0.359,,,
,Uganda,1990,0.329,,,
,Lesotho,1990,0.479,,,
,Malawi,1990,0.303,,,
,Senegal,1990,0.373,,,
,Djibouti,1990,,,,
,Sudan,1990,0.336,,,
,Madagascar,1990,,,,
,Gambia,1990,0.343,,,
,Ethiopia,1990,,,,
,Eritrea,1990,,,,
,Guinea-Bissau,1990,,,,
,Liberia,1990,,,,
,Democratic Republic of the Congo,1990,0.386,,,
,Afghanistan,1990,0.273,,,
,Sierra Leone,1990,0.312,,,
,Guinea,1990,0.269,,,
,Yemen,1990,0.383,,,
,Burkina Faso,1990,,,,
,Mozambique,1990,0.238,,,
,Mali,1990,0.237,,,
,Burundi,1990,0.29,,,
,Central African Republic,1990,0.338,,,
,Niger,1990,0.216,,,
,Chad,1990,,,,
,South Sudan,1990,,,,
,Switzerland,2000,0.887,,0.42,
,Norway,2000,0.913,,0.86,
,Iceland,2000,0.871,,0.72,
,"China, Hong Kong SAR",2000,0.851,,0.77,
,Australia,2000,0.896,,0.35,
,Denmark,2000,0.889,,0.64,
,Sweden,2000,0.904,,1.1,
,Ireland,2000,0.847,,1.4,
,Germany,2000,0.889,,0.7,
,Netherlands,2000,0.893,,0.53,
,Finland,2000,0.891,,0.91,
,Singapore,2000,0.831,,1.35,
,Belgium,2000,0.887,,0.84,
,New Zealand,2000,0.887,,0.96,
,Canada,2000,0.89,,0.34,
,Liechtenstein,2000,0.873,,,
,Luxembourg,2000,0.864,,0.95,
,United Kingdom,2000,0.862,,0.7,
,Japan,2000,0.877,,0.37,
,Republic of Korea,2000,0.825,,1.13,
,United States of America,2000,0.891,,0.22,
,Israel,2000,0.844,,0.7,
,Malta,2000,0.779,,0.65,
,Slovenia,2000,0.821,,,
,Austria,2000,0.871,,0.54,
,United Arab Emirates,2000,0.796,,0.9,
,Spain,2000,0.825,,0.86,
,France,2000,0.844,,0.65,
,Cyprus,2000,0.797,,1.08,
,Italy,2000,0.841,,0.78,
,Estonia,2000,0.787,,0.73,
,Czechia,2000,0.808,,0.86,
,Greece,2000,0.81,,0.65,
,Poland,2000,0.793,,1.03,
,Bahrain,2000,0.798,,0.73,
,Lithuania,2000,0.766,,0.43,
,Saudi Arabia,2000,0.737,,0.84,
,Portugal,2000,0.791,,1.22,
,Latvia,2000,0.756,,0.35,
,Andorra,2000,0.818,,,
,Croatia,2000,0.759,,,
,Chile,2000,0.763,,0.78,
,Qatar,2000,0.801,,0.55,
,San Marino,2000,,,,
,Slovakia,2000,0.763,,0.98,
,Hungary,2000,0.773,,0.71,
,Argentina,2000,0.779,,0.75,
,Türkiye,2000,0.67,,1.11,
,Montenegro,2000,,,,
,Kuwait,2000,0.787,,0.92,
,Brunei Darussalam,2000,0.808,,0.48,
,Russian Federation,2000,0.732,,-0.15,
,Romania,2000,0.715,,0.17,
,Oman,2000,0.705,,,
,Bahamas,2000,0.799,,,
,Kazakhstan,2000,0.68,,0.1,
,Trinidad and Tobago,2000,0.712,,0.76,
,Costa Rica,2000,0.71,,0.73,
,Uruguay,2000,0.753,,0.72,
,Belarus,2000,0.712,,,
,Panama,2000,0.721,,0.75,
,Malaysia,2000,0.721,,1.2,
,Georgia,2000,0.702,,,
,Mauritius,2000,0.681,,0.85,
,Serbia,2000,0.69,,,
,Thailand,2000,0.653,,1.26,
,Albania,2000,0.677,,0.45,
,Bulgaria,2000,0.725,,0.58,
,Grenada,2000,,,,
,Barbados,2000,0.756,,0.42,
,Antigua and Barbuda,2000,,,,
,Seychelles,2000,0.744,,,
,Sri Lanka,2000,0.688,,0.79,
,Bosnia and Herzegovina,2000,0.667,,,
,Saint Kitts and Nevis,2000,,,,
,Iran (Islamic Republic of),2000,0.685,,1.32,
,Ukraine,2000,0.7,,-0.41,
,North Macedonia,2000,0.675,,,
,China,2000,0.584,,1.9,
,Dominican Republic,2000,0.646,,1.14,
,Moldova (Republic of),2000,0.641,,-0.19,
,Palau,2000,0.739,,,
,Cuba,2000,0.693,,0.19,
,Peru,2000,0.676,,0.85,
,Armenia,2000,0.662,,0.09,
,Mexico,2000,0.709,,0.69,
,Brazil,2000,0.679,,1.08,
,Colombia,2000,0.666,,0.88,
,Saint Vincent and the Grenadines,2000,0.683,,,
,Maldives,2000,0.628,,,
,Algeria,2000,0.649,,0.94,
,Azerbaijan,2000,0.622,,,
,Tonga,2000,0.685,,0.6,
,Turkmenistan,2000,,,,
,Ecuador,2000,0.687,,0.54,
,Mongolia,2000,0.598,,0.32,
,Egypt,2000,0.633,,1.02,
,Tunisia,2000,0.658,,1.34,
,Fiji,2000,0.681,,0.59,
,Suriname,2000,,,,
,Uzbekistan,2000,0.607,,,
,Dominica,2000,0.695,,,
,Jordan,2000,0.678,,0.87,
,Libya,2000,0.712,,0.67,
,Paraguay,2000,0.649,,0.87,
,"Palestine, State of",2000,,,,
,Saint Lucia,2000,0.698,,0.12,
,Guyana,2000,0.577,,1.26,
,South Africa,2000,0.633,,0.02,
,Jamaica,2000,0.664,,0.08,
,Samoa,2000,0.683,,,
,Gabon,2000,0.635,,0.4,
,Lebanon,2000,,,,
,Indonesia,2000,0.595,,1.24,
,Viet Nam,2000,0.588,,2.01,
,Philippines,2000,0.633,,0.57,
,Botswana,2000,0.585,,-0.02,
,Bolivia (Plurinational State of),2000,0.632,,1.4,
,Kyrgyzstan,2000,0.621,,-0.27,
,Venezuela (Bolivarian Republic of),2000,0.684,,0.37,
,Iraq,2000,0.589,,1.1,
,Tajikistan,2000,0.56,,-1.14,
,Belize,2000,0.64,,0.77,
,Morocco,2000,0.521,,1.54,
,El Salvador,2000,0.617,,1.63,
,Nicaragua,2000,0.566,,1.45,
,Bhutan,2000,,,,
,Cabo Verde,2000,0.569,,,
,Bangladesh,2000,0.485,,2.02,
,Tuvalu,2000,0.597,,0.66,
,Marshall Islands,2000,,,,
,India,2000,0.491,,1.24,
,Ghana,2000,0.507,,0.98,
,Micronesia (Federated States of),2000,0.572,,,
,Guatemala,2000,0.55,,1.29,
,Kiribati,2000,0.549,,,
,Honduras,2000,0.556,,0.75,
,Sao Tome and Principe,2000,0.501,,0.33,
,Namibia,2000,0.546,,-0.59,
,Lao People's Democratic Republic,2000,0.47,,1.5,
,Timor-Leste,2000,,,,
,Vanuatu,2000,,,,
,Nepal,2000,0.467,,1.59,
,Eswatini (Kingdom of),2000,0.471,,-1.45,
,Equatorial Guinea,2000,0.512,,,
,Cambodia,2000,0.425,,1.18,
,Zimbabwe,2000,0.452,,-1.18,
,Angola,2000,0.375,,,
,Myanmar,2000,0.41,,2.1,
,Syrian Arab Republic,2000,0.587,,0.44,
,Cameroon,2000,0.442,,-0.22,
,Kenya,2000,0.481,,0.15,
,Congo,2000,0.491,,-0.61,
,Zambia,2000,0.418,,0.14,
,Solomon Islands,2000,0.486,,,
,Comoros,2000,0.464,,,
,Papua New Guinea,2000,0.447,,1.91,
,Mauritania,2000,0.465,,1.59,
,Côte d'Ivoire,2000,0.457,,0.68,
,United Republic of Tanzania,2000,0.398,,0.7,
,Pakistan,2000,0.441,,0.98,
,Togo,2000,0.446,,0.85,
,Haiti,2000,0.47,,0.92,
,Nigeria,2000,,,,
,Rwanda,2000,0.34,,0.64,
,Benin,2000,0.416,,1.48,
,Uganda,2000,0.394,,1.82,
,Lesotho,2000,0.452,,-0.58,
,Malawi,2000,0.374,,2.13,
,Senegal,2000,0.388,,0.4,
,Djibouti,2000,0.361,,,
,Sudan,2000,0.424,,2.35,
,Madagascar,2000,0.443,,,
,Gambia,2000,0.404,,1.65,
,Ethiopia,2000,0.287,,,
,Eritrea,2000,,,,
,Guinea-Bissau,2000,,,,
,Liberia,2000,0.438,,,
,Democratic Republic of the Congo,2000,0.376,,-0.26,
,Afghanistan,2000,0.335,,2.07,
,Sierra Leone,2000,0.318,,0.19,
,Guinea,2000,0.345,,2.52,
,Yemen,2000,0.45,,1.63,
,Burkina Faso,2000,0.296,,,
,Mozambique,2000,0.303,,2.44,
,Mali,2000,0.317,,2.95,
,Burundi,2000,0.297,,0.24,
,Central African Republic,2000,0.329,,-0.27,
,Niger,2000,0.262,,1.95,
,Chad,2000,0.291,,,
,South Sudan,2000,,,,
,Switzerland,2010,0.942,,0.6,
,Norway,2010,0.941,,0.3,
,Iceland,2010,0.902,,0.35,
,"China, Hong Kong SAR",2010,0.907,,0.64,
,Australia,2010,0.923,,0.3,
,Denmark,2010,0.913,,0.27,
,Sweden,2010,0.91,,0.07,
,Ireland,2010,0.904,,0.65,
,Germany,2010,0.926,,0.41,
,Netherlands,2010,0.917,,0.27,
,Finland,2010,0.911,,0.22,
,Singapore,2010,0.91,,0.91,
,Belgium,2010,0.912,,0.28,
,New Zealand,2010,0.922,,0.39,
,Canada,2010,0.911,,0.23,
,Liechtenstein,2010,0.913,,0.45,
,Luxembourg,2010,0.912,,0.54,
,United Kingdom,2010,0.912,,0.57,
,Japan,2010,0.898,,0.24,
,Republic of Korea,2010,0.89,,0.76,
,United States of America,2010,0.911,,0.22,
,Israel,2010,0.894,,0.58,
,Malta,2010,0.861,,1.01,
,Slovenia,2010,0.89,,0.81,
,Austria,2010,0.902,,0.35,
,United Arab Emirates,2010,0.835,,0.48,
,Spain,2010,0.868,,0.51,
,France,2010,0.877,,0.38,
,Cyprus,2010,0.857,,0.73,
,Italy,2010,0.882,,0.48,
,Estonia,2010,0.861,,0.9,
,Czechia,2010,0.87,,0.74,
,Greece,2010,0.869,,0.71,
,Poland,2010,0.841,,0.59,
,Bahrain,2010,0.808,,0.12,
,Lithuania,2010,0.842,,0.95,
,Saudi Arabia,2010,0.816,,1.02,
,Portugal,2010,0.829,,0.47,
,Latvia,2010,0.824,,0.87,
,Andorra,2010,0.848,,0.36,
,Croatia,2010,0.821,,0.79,
,Chile,2010,0.813,,0.64,
,Qatar,2010,0.834,,0.4,
,San Marino,2010,,,,
,Slovakia,2010,0.84,,0.97,
,Hungary,2010,0.828,,0.69,
,Argentina,2010,0.834,,0.68,
,Türkiye,2010,0.749,,1.12,
,Montenegro,2010,0.808,,,
,Kuwait,2010,0.813,,0.33,
,Brunei Darussalam,2010,0.828,,0.24,
,Russian Federation,2010,0.796,,0.84,
,Romania,2010,0.807,,1.22,
,Oman,2010,0.788,,1.12,
,Bahamas,2010,0.812,,0.16,
,Kazakhstan,2010,0.767,,1.21,
,Trinidad and Tobago,2010,0.79,,1.04,
,Costa Rica,2010,0.772,,0.84,
,Uruguay,2010,0.787,,0.44,
,Belarus,2010,0.79,,1.04,
,Panama,2010,0.773,,0.7,
,Malaysia,2010,0.769,,0.65,
,Georgia,2010,0.759,,0.78,
,Mauritius,2010,0.755,,1.04,
,Serbia,2010,0.767,,1.06,
,Thailand,2010,0.737,,1.22,
,Albania,2010,0.754,,1.08,
,Bulgaria,2010,0.79,,0.86,
,Grenada,2010,0.782,,,
,Barbados,2010,0.788,,0.42,
,Antigua and Barbuda,2010,0.79,,,
,Seychelles,2010,0.776,,0.42,
,Sri Lanka,2010,0.737,,0.69,
,Bosnia and Herzegovina,2010,0.725,,0.84,
,Saint Kitts and Nevis,2010,0.759,,,
,Iran (Islamic Republic of),2010,0.745,,0.84,
,Ukraine,2010,0.764,,0.88,
,North Macedonia,2010,0.738,,0.9,
,China,2010,0.691,,1.7,
,Dominican Republic,2010,0.708,,0.92,
,Moldova (Republic of),2010,0.73,,1.31,
,Palau,2010,0.773,,0.45,
,Cuba,2010,0.78,,1.19,
,Peru,2010,0.725,,0.7,
,Armenia,2010,0.746,,1.2,
,Mexico,2010,0.746,,0.51,
,Brazil,2010,0.723,,0.63,
,Colombia,2010,0.726,,0.87,
,Saint Vincent and the Grenadines,2010,0.734,,0.72,
,Maldives,2010,0.688,,0.92,
,Algeria,2010,0.721,,1.06,
,Azerbaijan,2010,0.727,,1.57,
,Tonga,2010,0.713,,0.4,
,Turkmenistan,2010,0.711,,,
,Ecuador,2010,0.736,,0.69,
,Mongolia,2010,0.701,,1.6,
,Egypt,2010,0.675,,0.64,
,Tunisia,2010,0.72,,0.9,
,Fiji,2010,0.714,,0.47,
,Suriname,2010,0.723,,,
,Uzbekistan,2010,0.673,,1.04,
,Dominica,2010,0.711,,0.23,
,Jordan,2010,0.725,,0.67,
,Libya,2010,0.739,,0.37,
,Paraguay,2010,0.685,,0.54,
,"Palestine, State of",2010,0.687,,,
,Saint Lucia,2010,0.728,,0.42,
,Guyana,2010,0.656,,1.29,
,South Africa,2010,0.675,,0.64,
,Jamaica,2010,0.704,,0.59,
,Samoa,2010,0.713,,0.43,
,Gabon,2010,0.664,,0.45,
,Lebanon,2010,0.77,,,
,Indonesia,2010,0.664,,1.1,
,Viet Nam,2010,0.663,,1.21,
,Philippines,2010,0.674,,0.63,
,Botswana,2010,0.66,,1.21,
,Bolivia (Plurinational State of),2010,0.662,,0.46,
,Kyrgyzstan,2010,0.664,,0.67,
,Venezuela (Bolivarian Republic of),2010,0.755,,0.99,
,Iraq,2010,0.64,,0.83,
,Tajikistan,2010,0.636,,1.28,
,Belize,2010,0.707,,1.0,
,Morocco,2010,0.603,,1.47,
,El Salvador,2010,0.659,,0.66,
,Nicaragua,2010,0.614,,0.82,
,Bhutan,2010,0.581,,,
,Cabo Verde,2010,0.644,,1.25,
,Bangladesh,2010,0.553,,1.32,
,Tuvalu,2010,0.616,,0.31,
,Marshall Islands,2010,,,,
,India,2010,0.575,,1.59,
,Ghana,2010,0.574,,1.25,
,Micronesia (Federated States of),2010,0.625,,0.89,
,Guatemala,2010,0.605,,0.96,
,Kiribati,2010,0.589,,0.71,
,Honduras,2010,0.597,,0.71,
,Sao Tome and Principe,2010,0.554,,1.01,
,Namibia,2010,0.585,,0.69,
,Lao People's Democratic Republic,2010,0.551,,1.6,
,Timor-Leste,2010,0.619,,,
,Vanuatu,2010,0.591,,,
,Nepal,2010,0.543,,1.52,
,Eswatini (Kingdom of),2010,0.503,,0.66,
,Equatorial Guinea,2010,0.579,,1.24,
,Cambodia,2010,0.54,,2.42,
,Zimbabwe,2010,0.512,,1.25,
,Angola,2010,0.51,,3.12,
,Myanmar,2010,0.51,,2.21,
,Syrian Arab Republic,2010,0.66,,1.18,
,Cameroon,2010,0.513,,1.5,
,Kenya,2010,0.545,,1.26,
,Congo,2010,0.561,,1.34,
,Zambia,2010,0.529,,2.38,
,Solomon Islands,2010,0.55,,1.24,
,Comoros,2010,0.52,,1.15,
,Papua New Guinea,2010,0.499,,1.11,
,Mauritania,2010,0.51,,0.93,
,Côte d'Ivoire,2010,0.473,,0.34,
,United Republic of Tanzania,2010,0.493,,2.16,
,Pakistan,2010,0.505,,1.36,
,Togo,2010,0.477,,0.67,
,Haiti,2010,0.433,,-0.82,
,Nigeria,2010,0.482,,,
,Rwanda,2010,0.489,,3.7,
,Benin,2010,0.492,,1.69,
,Uganda,2010,0.502,,2.45,
,Lesotho,2010,0.467,,0.33,
,Malawi,2010,0.456,,2.0,
,Senegal,2010,0.468,,1.89,
,Djibouti,2010,0.458,,2.41,
,Sudan,2010,0.486,,1.37,
,Madagascar,2010,0.492,,1.05,
,Gambia,2010,0.46,,1.31,
,Ethiopia,2010,0.412,,3.68,
,Eritrea,2010,0.463,,,
,Guinea-Bissau,2010,0.443,,,
,Liberia,2010,0.46,,0.49,
,Democratic Republic of the Congo,2010,0.429,,1.33,
,Afghanistan,2010,0.448,,2.95,
,Sierra Leone,2010,0.427,,2.99,
,Guinea,2010,0.415,,1.86,
,Yemen,2010,0.51,,1.26,
,Burkina Faso,2010,0.372,,2.31,
,Mozambique,2010,0.402,,2.87,
,Mali,2010,0.404,,2.45,
,Burundi,2010,0.405,,3.15,
,Central African Republic,2010,0.372,,1.24,
,Niger,2010,0.338,,2.58,
,Chad,2010,0.362,,2.21,
,South Sudan,2010,0.43,,,
,Switzerland,2015,0.954,,,
,Norway,2015,0.953,,,
,Iceland,2015,0.945,,,
,"China, Hong Kong SAR",2015,0.935,,,
,Australia,2015,0.933,,,
,Denmark,2015,0.936,,,
,Sweden,2015,0.937,,,
,Ireland,2015,0.925,,,
,Germany,2015,0.938,,,
,Netherlands,2015,0.932,,,
,Finland,2015,0.93,,,
,Singapore,2015,0.93,,,
,Belgium,2015,0.924,,,
,New Zealand,2015,0.931,,,
,Canada,2015,0.926,,,
,Liechtenstein,2015,0.924,,,
,Luxembourg,2015,0.915,,,
,United Kingdom,2015,0.924,,,
,Japan,2015,0.918,,,
,Republic of Korea,2015,0.909,,,
,United States of America,2015,0.92,,,
,Israel,2015,0.909,,,
,Malta,2015,0.889,,,
,Slovenia,2015,0.903,,,
,Austria,2015,0.91,,,
,United Arab Emirates,2015,0.865,,,
,Spain,2015,0.889,,,
,France,2015,0.892,,,
,Cyprus,2015,0.871,,,
,Italy,2015,0.882,,,
,Estonia,2015,0.882,,,
,Czechia,2015,0.891,,,
,Greece,2015,0.88,,,
,Poland,2015,0.868,,,
,Bahrain,2015,0.858,,,
,Lithuania,2015,0.862,,,
,Saudi Arabia,2015,0.859,,,
,Portugal,2015,0.85,,,
,Latvia,2015,0.85,,,
,Andorra,2015,0.867,,,
,Croatia,2015,0.843,,,
,Chile,2015,0.846,,,
,Qatar,2015,0.846,,,
,San Marino,2015,,,,
,Slovakia,2015,0.851,,,
,Hungary,2015,0.838,,,
,Argentina,2015,0.848,,,
,Türkiye,2015,0.817,,,
,Montenegro,2015,0.822,,,
,Kuwait,2015,0.83,,,
,Brunei Darussalam,2015,0.836,,,
,Russian Federation,2015,0.824,,,
,Romania,2015,0.813,,,
,Oman,2015,0.823,,,
,Bahamas,2015,0.82,,,
,Kazakhstan,2015,0.805,,,
,Trinidad and Tobago,2015,0.816,,,
,Costa Rica,2015,0.798,,,
,Uruguay,2015,0.811,,,
,Belarus,2015,0.812,,,
,Panama,2015,0.8,,,
,Malaysia,2015,0.797,,,
,Georgia,2015,0.79,,,
,Mauritius,2015,0.795,,,
,Serbia,2015,0.794,,,
,Thailand,2015,0.781,,,
,Albania,2015,0.795,,,
,Bulgaria,2015,0.809,,,
,Grenada,2015,0.79,,,
,Barbados,2015,0.791,,,
,Antigua and Barbuda,2015,0.791,,,
,Seychelles,2015,0.796,,,
,Sri Lanka,2015,0.764,,,
,Bosnia and Herzegovina,2015,0.761,,,
,Saint Kitts and Nevis,2015,0.772,,,
,Iran (Islamic Republic of),2015,0.776,,,
,Ukraine,2015,0.774,,,
,North Macedonia,2015,0.762,,,
,China,2015,0.733,,,
,Dominican Republic,2015,0.736,,,
,Moldova (Republic of),2015,0.749,,,
,Palau,2015,0.78,,,
,Cuba,2015,0.773,,,
,Peru,2015,0.759,,,
,Armenia,2015,0.766,,,
,Mexico,2015,0.768,,,
,Brazil,2015,0.753,,,
,Colombia,2015,0.754,,,
,Saint Vincent and the Grenadines,2015,0.759,,,
,Maldives,2015,0.736,,,
,Algeria,2015,0.74,,,
,Azerbaijan,2015,0.748,,,
,Tonga,2015,0.73,,,
,Turkmenistan,2015,0.74,,,
,Ecuador,2015,0.765,,,
,Mongolia,2015,0.732,,,
,Egypt,2015,0.706,,,
,Tunisia,2015,0.733,,,
,Fiji,2015,0.729,,,
,Suriname,2015,0.744,,,
,Uzbekistan,2015,0.701,,,
,Dominica,2015,0.7,,,
,Jordan,2015,0.718,,,
,Libya,2015,0.699,,,
,Paraguay,2015,0.723,,,
,"Palestine, State of",2015,0.71,,,
,Saint Lucia,2015,0.737,,,
,Guyana,2015,0.684,,,
,South Africa,2015,0.716,,,
,Jamaica,2015,0.713,,,
,Samoa,2015,0.716,,,
,Gabon,2015,0.699,,,
,Lebanon,2015,0.746,,,
,Indonesia,2015,0.695,,,
,Viet Nam,2015,0.684,,,
,Philippines,2015,0.698,,,
,Botswana,2015,0.702,,,
,Bolivia (Plurinational State of),2015,0.69,,,
,Kyrgyzstan,2015,0.69,,,
,Venezuela (Bolivarian Republic of),2015,0.767,,,
,Iraq,2015,0.675,,,
,Tajikistan,2015,0.657,,,
,Belize,2015,0.708,,,
,Morocco,2015,0.654,,,
,El Salvador,2015,0.668,,,
,Nicaragua,2015,0.647,,,
,Bhutan,2015,0.627,,,
,Cabo Verde,2015,0.663,,,
,Bangladesh,2015,0.602,,,
,Tuvalu,2015,0.643,,,
,Marshall Islands,2015,0.638,,,
,India,2015,0.629,,,
,Ghana,2015,0.607,,,
,Micronesia (Federated States of),2015,0.626,,,
,Guatemala,2015,0.639,,,
,Kiribati,2015,0.622,,,
,Honduras,2015,0.613,,,
,Sao Tome and Principe,2015,0.596,,,
,Namibia,2015,0.628,,,
,Lao People's Democratic Republic,2015,0.599,,,
,Timor-Leste,2015,0.614,,,
,Vanuatu,2015,0.595,,,
,Nepal,2015,0.579,,,
,Eswatini (Kingdom of),2015,0.575,,,
,Equatorial Guinea,2015,0.603,,,
,Cambodia,2015,0.574,,,
,Zimbabwe,2015,0.582,,,
,Angola,2015,0.582,,,
,Myanmar,2015,0.562,,,
,Syrian Arab Republic,2015,0.556,,,
,Cameroon,2015,0.56,,,
,Kenya,2015,0.561,,,
,Congo,2015,0.59,,,
,Zambia,2015,0.562,,,
,Solomon Islands,2015,0.559,,,
,Comoros,2015,0.544,,,
,Papua New Guinea,2015,0.541,,,
,Mauritania,2015,0.544,,,
,Côte d'Ivoire,2015,0.513,,,
,United Republic of Tanzania,2015,0.52,,,
,Pakistan,2015,0.534,,,
,Togo,2015,0.514,,,
,Haiti,2015,0.529,,,
,Nigeria,2015,0.516,,,
,Rwanda,2015,0.515,,,
,Benin,2015,0.529,,,
,Uganda,2015,0.517,,,
,Lesotho,2015,0.503,,,
,Malawi,2015,0.491,,,
,Senegal,2015,0.505,,,
,Djibouti,2015,0.493,,,
,Sudan,2015,0.508,,,
,Madagascar,2015,0.504,,,
,Gambia,2015,0.478,,,
,Ethiopia,2015,0.46,,,
,Eritrea,2015,0.483,,,
,Guinea-Bissau,2015,0.472,,,
,Liberia,2015,0.473,,,
,Democratic Republic of the Congo,2015,0.463,,,
,Afghanistan,2015,0.478,,,
,Sierra Leone,2015,0.453,,,
,Guinea,2015,0.44,,,
,Yemen,2015,0.477,,,
,Burkina Faso,2015,0.418,,,
,Mozambique,2015,0.44,,,
,Mali,2015,0.416,,,
,Burundi,2015,0.428,,,
,Central African Republic,2015,0.384,,,
,Niger,2015,0.376,,,
,Chad,2015,0.389,,,
,South Sudan,2015,0.412,,,
,Switzerland,2018,0.959,,,
,Norway,2018,0.962,,,
,Iceland,2018,0.959,,,
,"China, Hong Kong SAR",2018,0.949,,,
,Australia,2018,0.941,,,
,Denmark,2018,0.942,,,
,Sweden,2018,0.942,,,
,Ireland,2018,0.937,,,
,Germany,2018,0.945,,,
,Netherlands,2018,0.939,,,
,Finland,2018,0.936,,,
,Singapore,2018,0.94,,,
,Belgium,2018,0.933,,,
,New Zealand,2018,0.936,,,
,Canada,2018,0.933,,,
,Liechtenstein,2018,0.928,,,
,Luxembourg,2018,0.922,,,
,United Kingdom,2018,0.929,,,
,Japan,2018,0.923,,,
,Republic of Korea,2018,0.919,,,
,United States of America,2018,0.927,,,
,Israel,2018,0.919,,,
,Malta,2018,0.91,,,
,Slovenia,2018,0.917,,,
,Austria,2018,0.917,,,
,United Arab Emirates,2018,0.909,,,
,Spain,2018,0.901,,,
,France,2018,0.901,,,
,Cyprus,2018,0.892,,,
,Italy,2018,0.893,,,
,Estonia,2018,0.891,,,
,Czechia,2018,0.894,,,
,Greece,2018,0.886,,,
,Poland,2018,0.877,,,
,Bahrain,2018,0.879,,,
,Lithuania,2018,0.88,,,
,Saudi Arabia,2018,0.865,,,
,Portugal,2018,0.86,,,
,Latvia,2018,0.866,,,
,Andorra,2018,0.872,,,
,Croatia,2018,0.856,,,
,Chile,2018,0.856,,,
,Qatar,2018,0.853,,,
,San Marino,2018,0.86,,,
,Slovakia,2018,0.859,,,
,Hungary,2018,0.849,,,
,Argentina,2018,0.85,,,
,Türkiye,2018,0.839,,,
,Montenegro,2018,0.834,,,
,Kuwait,2018,0.836,,,
,Brunei Darussalam,2018,0.83,,,
,Russian Federation,2018,0.841,,,
,Romania,2018,0.827,,,
,Oman,2018,0.834,,,
,Bahamas,2018,0.827,,,
,Kazakhstan,2018,0.814,,,
,Trinidad and Tobago,2018,0.815,,,
,Costa Rica,2018,0.811,,,
,Uruguay,2018,0.819,,,
,Belarus,2018,0.818,,,
,Panama,2018,0.814,,,
,Malaysia,2018,0.807,,,
,Georgia,2018,0.804,,,
,Mauritius,2018,0.811,,,
,Serbia,2018,0.808,,,
,Thailand,2018,0.795,,,
,Albania,2018,0.806,,,
,Bulgaria,2018,0.809,,,
,Grenada,2018,0.797,,,
,Barbados,2018,0.797,,,
,Antigua and Barbuda,2018,0.798,,,
,Seychelles,2018,0.8,,,
,Sri Lanka,2018,0.776,,,
,Bosnia and Herzegovina,2018,0.776,,,
,Saint Kitts and Nevis,2018,0.779,,,
,Iran (Islamic Republic of),2018,0.787,,,
,Ukraine,2018,0.783,,,
,North Macedonia,2018,0.779,,,
,China,2018,0.755,,,
,Dominican Republic,2018,0.764,,,
,Moldova (Republic of),2018,0.768,,,
,Palau,2018,0.778,,,
,Cuba,2018,0.783,,,
,Peru,2018,0.776,,,
,Armenia,2018,0.771,,,
,Mexico,2018,0.777,,,
,Brazil,2018,0.764,,,
,Colombia,2018,0.763,,,
,Saint Vincent and the Grenadines,2018,0.775,,,
,Maldives,2018,0.75,,,
,Algeria,2018,0.745,,,
,Azerbaijan,2018,0.757,,,
,Tonga,2018,0.742,,,
,Turkmenistan,2018,0.746,,,
,Ecuador,2018,0.762,,,
,Mongolia,2018,0.743,,,
,Egypt,2018,0.729,,,
,Tunisia,2018,0.743,,,
,Fiji,2018,0.745,,,
,Suriname,2018,0.755,,,
,Uzbekistan,2018,0.72,,,
,Dominica,2018,0.726,,,
,Jordan,2018,0.723,,,
,Libya,2018,0.722,,,
,Paraguay,2018,0.727,,,
,"Palestine, State of",2018,0.723,,,
,Saint Lucia,2018,0.746,,,
,Guyana,2018,0.701,,,
,South Africa,2018,0.726,,,
,Jamaica,2018,0.716,,,
,Samoa,2018,0.716,,,
,Gabon,2018,0.706,,,
,Lebanon,2018,0.75,,,
,Indonesia,2018,0.71,,,
,Viet Nam,2018,0.697,,,
,Philippines,2018,0.71,,,
,Botswana,2018,0.716,,,
,Bolivia (Plurinational State of),2018,0.714,,,
,Kyrgyzstan,2018,0.698,,,
,Venezuela (Bolivarian Republic of),2018,0.738,,,
,Iraq,2018,0.692,,,
,Tajikistan,2018,0.671,,,
,Belize,2018,0.706,,,
,Morocco,2018,0.676,,,
,El Salvador,2018,0.68,,,
,Nicaragua,2018,0.662,,,
,Bhutan,2018,0.658,,,
,Cabo Verde,2018,0.673,,,
,Bangladesh,2018,0.635,,,
,Tuvalu,2018,0.642,,,
,Marshall Islands,2018,0.639,,,
,India,2018,0.645,,,
,Ghana,2018,0.62,,,
,Micronesia (Federated States of),2018,0.633,,,
,Guatemala,2018,0.64,,,
,Kiribati,2018,0.622,,,
,Honduras,2018,0.617,,,
,Sao Tome and Principe,2018,0.617,,,
,Namibia,2018,0.636,,,
,Lao People's Democratic Republic,2018,0.607,,,
,Timor-Leste,2018,0.605,,,
,Vanuatu,2018,0.603,,,
,Nepal,2018,0.601,,,
,Eswatini (Kingdom of),2018,0.607,,,
,Equatorial Guinea,2018,0.601,,,
,Cambodia,2018,0.591,,,
,Zimbabwe,2018,0.602,,,
,Angola,2018,0.595,,,
,Myanmar,2018,0.59,,,
,Syrian Arab Republic,2018,0.58,,,
,Cameroon,2018,0.577,,,
,Kenya,2018,0.577,,,
,Congo,2018,0.578,,,
,Zambia,2018,0.572,,,
,Solomon Islands,2018,0.566,,,
,Comoros,2018,0.557,,,
,Papua New Guinea,2018,0.554,,,
,Mauritania,2018,0.556,,,
,Côte d'Ivoire,2018,0.542,,,
,United Republic of Tanzania,2018,0.538,,,
,Pakistan,2018,0.545,,,
,Togo,2018,0.528,,,
,Haiti,2018,0.541,,,
,Nigeria,2018,0.531,,,
,Rwanda,2018,0.528,,,
,Benin,2018,0.53,,,
,Uganda,2018,0.522,,,
,Lesotho,2018,0.522,,,
,Malawi,2018,0.51,,,
,Senegal,2018,0.512,,,
,Djibouti,2018,0.506,,,
,Sudan,2018,0.514,,,
,Madagascar,2018,0.507,,,
,Gambia,2018,0.495,,,
,Ethiopia,2018,0.489,,,
,Eritrea,2018,0.493,,,
,Guinea-Bissau,2018,0.482,,,
,Liberia,2018,0.483,,,
,Democratic Republic of the Congo,2018,0.48,,,
,Afghanistan,2018,0.483,,,
,Sierra Leone,2018,0.47,,,
,Guinea,2018,0.462,,,
,Yemen,2018,0.459,,,
,Burkina Faso,2018,0.449,,,
,Mozambique,2018,0.451,,,
,Mali,2018,0.43,,,
,Burundi,2018,0.428,,,
,Central African Republic,2018,0.405,,,
,Niger,2018,0.399,,,
,Chad,2018,0.398,,,
,South Sudan,2018,0.395,,,
,Switzerland,2019,0.962,,,
,Norway,2019,0.961,,,
,Iceland,2019,0.96,,,
,"China, Hong Kong SAR",2019,0.952,,,
,Australia,2019,0.941,,,
,Denmark,2019,0.946,,,
,Sweden,2019,0.947,,,
,Ireland,2019,0.942,,,
,Germany,2019,0.948,,,
,Netherlands,2019,0.943,,,
,Finland,2019,0.939,,,
,Singapore,2019,0.943,,,
,Belgium,2019,0.936,,,
,New Zealand,2019,0.937,,,
,Canada,2019,0.937,,,
,Liechtenstein,2019,0.94,,,
,Luxembourg,2019,0.927,,,
,United Kingdom,2019,0.935,,,
,Japan,2019,0.924,,,
,Republic of Korea,2019,0.923,,,
,United States of America,2019,0.93,,,
,Israel,2019,0.921,,,
,Malta,2019,0.915,,,
,Slovenia,2019,0.921,,,
,Austria,2019,0.919,,,
,United Arab Emirates,2019,0.92,,,
,Spain,2019,0.908,,,
,France,2019,0.905,,,
,Cyprus,2019,0.897,,,
,Italy,2019,0.897,,,
,Estonia,2019,0.896,,,
,Czechia,2019,0.897,,,
,Greece,2019,0.889,,,
,Poland,2019,0.881,,,
,Bahrain,2019,0.882,,,
,Lithuania,2019,0.884,,,
,Saudi Arabia,2019,0.873,,,
,Portugal,2019,0.867,,,
,Latvia,2019,0.871,,,
,Andorra,2019,0.873,,,
,Croatia,2019,0.861,,,
,Chile,2019,0.861,,,
,Qatar,2019,0.859,,,
,San Marino,2019,0.862,,,
,Slovakia,2019,0.862,,,
,Hungary,2019,0.853,,,
,Argentina,2019,0.852,,,
,Türkiye,2019,0.842,,,
,Montenegro,2019,0.837,,,
,Kuwait,2019,0.839,,,
,Brunei Darussalam,2019,0.83,,,
,Russian Federation,2019,0.845,,,
,Romania,2019,0.832,,,
,Oman,2019,0.839,,,
,Bahamas,2019,0.816,,,
,Kazakhstan,2019,0.819,,,
,Trinidad and Tobago,2019,0.821,,,
,Costa Rica,2019,0.819,,,
,Uruguay,2019,0.821,,,
,Belarus,2019,0.817,,,
,Panama,2019,0.817,,,
,Malaysia,2019,0.81,,,
,Georgia,2019,0.81,,,
,Mauritius,2019,0.817,,,
,Serbia,2019,0.811,,,
,Thailand,2019,0.804,,,
,Albania,2019,0.81,,,
,Bulgaria,2019,0.81,,,
,Grenada,2019,0.8,,,
,Barbados,2019,0.799,,,
,Antigua and Barbuda,2019,0.8,,,
,Seychelles,2019,0.802,,,
,Sri Lanka,2019,0.778,,,
,Bosnia and Herzegovina,2019,0.783,,,
,Saint Kitts and Nevis,2019,0.783,,,
,Iran (Islamic Republic of),2019,0.783,,,
,Ukraine,2019,0.786,,,
,North Macedonia,2019,0.784,,,
,China,2019,0.762,,,
,Dominican Republic,2019,0.771,,,
,Moldova (Republic of),2019,0.774,,,
,Palau,2019,0.776,,,
,Cuba,2019,0.788,,,
,Peru,2019,0.78,,,
,Armenia,2019,0.778,,,
,Mexico,2019,0.779,,,
,Brazil,2019,0.766,,,
,Colombia,2019,0.768,,,
,Saint Vincent and the Grenadines,2019,0.769,,,
,Maldives,2019,0.755,,,
,Algeria,2019,0.748,,,
,Azerbaijan,2019,0.761,,,
,Tonga,2019,0.744,,,
,Turkmenistan,2019,0.742,,,
,Ecuador,2019,0.76,,,
,Mongolia,2019,0.746,,,
,Egypt,2019,0.735,,,
,Tunisia,2019,0.745,,,
,Fiji,2019,0.746,,,
,Suriname,2019,0.755,,,
,Uzbekistan,2019,0.726,,,
,Dominica,2019,0.729,,,
,Jordan,2019,0.727,,,
,Libya,2019,0.722,,,
,Paraguay,2019,0.732,,,
,"Palestine, State of",2019,0.727,,,
,Saint Lucia,2019,0.735,,,
,Guyana,2019,0.708,,,
,South Africa,2019,0.736,,,
,Jamaica,2019,0.719,,,
,Samoa,2019,0.715,,,
,Gabon,2019,0.709,,,
,Lebanon,2019,0.745,,,
,Indonesia,2019,0.716,,,
,Viet Nam,2019,0.703,,,
,Philippines,2019,0.718,,,
,Botswana,2019,0.717,,,
,Bolivia (Plurinational State of),2019,0.717,,,
,Kyrgyzstan,2019,0.698,,,
,Venezuela (Bolivarian Republic of),2019,0.721,,,
,Iraq,2019,0.696,,,
,Tajikistan,2019,0.676,,,
,Belize,2019,0.705,,,
,Morocco,2019,0.682,,,
,El Salvador,2019,0.683,,,
,Nicaragua,2019,0.664,,,
,Bhutan,2019,0.671,,,
,Cabo Verde,2019,0.676,,,
,Bangladesh,2019,0.644,,,
,Tuvalu,2019,0.635,,,
,Marshall Islands,2019,0.64,,,
,India,2019,0.645,,,
,Ghana,2019,0.631,,,
,Micronesia (Federated States of),2019,0.633,,,
,Guatemala,2019,0.642,,,
,Kiribati,2019,0.63,,,
,Honduras,2019,0.632,,,
,Sao Tome and Principe,2019,0.622,,,
,Namibia,2019,0.639,,,
,Lao People's Democratic Republic,2019,0.61,,,
,Timor-Leste,2019,0.614,,,
,Vanuatu,2019,0.611,,,
,Nepal,2019,0.611,,,
,Eswatini (Kingdom of),2019,0.615,,,
,Equatorial Guinea,2019,0.605,,,
,Cambodia,2019,0.598,,,
,Zimbabwe,2019,0.601,,,
,Angola,2019,0.595,,,
,Myanmar,2019,0.598,,,
,Syrian Arab Republic,2019,0.584,,,
,Cameroon,2019,0.583,,,
,Kenya,2019,0.581,,,
,Congo,2019,0.57,,,
,Zambia,2019,0.575,,,
,Solomon Islands,2019,0.567,,,
,Comoros,2019,0.56,,,
,Papua New Guinea,2019,0.56,,,
,Mauritania,2019,0.563,,,
,Côte d'Ivoire,2019,0.55,,,
,United Republic of Tanzania,2019,0.548,,,
,Pakistan,2019,0.546,,,
,Togo,2019,0.535,,,
,Haiti,2019,0.543,,,
,Nigeria,2019,0.538,,,
,Rwanda,2019,0.534,,,
,Benin,2019,0.53,,,
,Uganda,2019,0.525,,,
,Lesotho,2019,0.524,,,
,Malawi,2019,0.519,,,
,Senegal,2019,0.513,,,
,Djibouti,2019,0.512,,,
,Sudan,2019,0.514,,,
,Madagascar,2019,0.51,,,
,Gambia,2019,0.503,,,
,Ethiopia,2019,0.498,,,
,Eritrea,2019,0.495,,,
,Guinea-Bissau,2019,0.49,,,
,Liberia,2019,0.484,,,
,Democratic Republic of the Congo,2019,0.482,,,
,Afghanistan,2019,0.488,,,
,Sierra Leone,2019,0.48,,,
,Guinea,2019,0.467,,,
,Yemen,2019,0.461,,,
,Burkina Faso,2019,0.452,,,
,Mozambique,2019,0.456,,,
,Mali,2019,0.433,,,
,Burundi,2019,0.431,,,
,Central African Republic,2019,0.411,,,
,Niger,2019,0.406,,,
,Chad,2019,0.403,,,
,South Sudan,2019,0.393,,,
,Switzerland,2020,0.956,,,
,Norway,2020,0.959,,,
,Iceland,2020,0.957,,,
,"China, Hong Kong SAR",2020,0.949,,,
,Australia,2020,0.947,,,
,Denmark,2020,0.947,,,
,Sweden,2020,0.942,,,
,Ireland,2020,0.943,,,
,Germany,2020,0.944,,,
,Netherlands,2020,0.939,,,
,Finland,2020,0.938,,,
,Singapore,2020,0.939,,,
,Belgium,2020,0.928,,,
,New Zealand,2020,0.936,,,
,Canada,2020,0.931,,,
,Liechtenstein,2020,0.933,,,
,Luxembourg,2020,0.924,,,
,United Kingdom,2020,0.924,,,
,Japan,2020,0.923,,,
,Republic of Korea,2020,0.922,,,
,United States of America,2020,0.92,,,
,Israel,2020,0.917,,,
,Malta,2020,0.911,,,
,Slovenia,2020,0.913,,,
,Austria,2020,0.913,,,
,United Arab Emirates,2020,0.912,,,
,Spain,2020,0.899,,,
,France,2020,0.898,,,
,Cyprus,2020,0.894,,,
,Italy,2020,0.889,,,
,Estonia,2020,0.892,,,
,Czechia,2020,0.892,,,
,Greece,2020,0.886,,,
,Poland,2020,0.876,,,
,Bahrain,2020,0.877,,,
,Lithuania,2020,0.879,,,
,Saudi Arabia,2020,0.87,,,
,Portugal,2020,0.863,,,
,Latvia,2020,0.871,,,
,Andorra,2020,0.848,,,
,Croatia,2020,0.855,,,
,Chile,2020,0.852,,,
,Qatar,2020,0.854,,,
,San Marino,2020,0.845,,,
,Slovakia,2020,0.857,,,
,Hungary,2020,0.849,,,
,Argentina,2020,0.84,,,
,Türkiye,2020,0.833,,,
,Montenegro,2020,0.826,,,
,Kuwait,2020,0.822,,,
,Brunei Darussalam,2020,0.83,,,
,Russian Federation,2020,0.83,,,
,Romania,2020,0.824,,,
,Oman,2020,0.827,,,
,Bahamas,2020,0.815,,,
,Kazakhstan,2020,0.814,,,
,Trinidad and Tobago,2020,0.818,,,
,Costa Rica,2020,0.816,,,
,Uruguay,2020,0.821,,,
,Belarus,2020,0.807,,,
,Panama,2020,0.801,,,
,Malaysia,2020,0.806,,,
,Georgia,2020,0.802,,,
,Mauritius,2020,0.804,,,
,Serbia,2020,0.804,,,
,Thailand,2020,0.802,,,
,Albania,2020,0.794,,,
,Bulgaria,2020,0.802,,,
,Grenada,2020,0.792,,,
,Barbados,2020,0.788,,,
,Antigua and Barbuda,2020,0.788,,,
,Seychelles,2020,0.793,,,
,Sri Lanka,2020,0.78,,,
,Bosnia and Herzegovina,2020,0.781,,,
,Saint Kitts and Nevis,2020,0.779,,,
,Iran (Islamic Republic of),2020,0.777,,,
,Ukraine,2020,0.775,,,
,North Macedonia,2020,0.774,,,
,China,2020,0.764,,,
,Dominican Republic,2020,0.764,,,
,Moldova (Republic of),2020,0.766,,,
,Palau,2020,0.773,,,
,Cuba,2020,0.781,,,
,Peru,2020,0.762,,,
,Armenia,2020,0.757,,,
,Mexico,2020,0.756,,,
,Brazil,2020,0.758,,,
,Colombia,2020,0.756,,,
,Saint Vincent and the Grenadines,2020,0.764,,,
,Maldives,2020,0.734,,,
,Algeria,2020,0.736,,,
,Azerbaijan,2020,0.73,,,
,Tonga,2020,0.745,,,
,Turkmenistan,2020,0.741,,,
,Ecuador,2020,0.731,,,
,Mongolia,2020,0.745,,,
,Egypt,2020,0.734,,,
,Tunisia,2020,0.737,,,
,Fiji,2020,0.737,,,
,Suriname,2020,0.743,,,
,Uzbekistan,2020,0.721,,,
,Dominica,2020,0.722,,,
,Jordan,2020,0.723,,,
,Libya,2020,0.703,,,
,Paraguay,2020,0.73,,,
,"Palestine, State of",2020,0.716,,,
,Saint Lucia,2020,0.723,,,
,Guyana,2020,0.721,,,
,South Africa,2020,0.727,,,
,Jamaica,2020,0.713,,,
,Samoa,2020,0.712,,,
,Gabon,2020,0.71,,,
,Lebanon,2020,0.726,,,
,Indonesia,2020,0.709,,,
,Viet Nam,2020,0.71,,,
,Philippines,2020,0.71,,,
,Botswana,2020,0.713,,,
,Bolivia (Plurinational State of),2020,0.694,,,
,Kyrgyzstan,2020,0.689,,,
,Venezuela (Bolivarian Republic of),2020,0.695,,,
,Iraq,2020,0.679,,,
,Tajikistan,2020,0.664,,,
,Belize,2020,0.69,,,
,Morocco,2020,0.679,,,
,El Salvador,2020,0.672,,,
,Nicaragua,2020,0.654,,,
,Bhutan,2020,0.668,,,
,Cabo Verde,2020,0.662,,,
,Bangladesh,2020,0.655,,,
,Tuvalu,2020,0.639,,,
,Marshall Islands,2020,0.639,,,
,India,2020,0.642,,,
,Ghana,2020,0.632,,,
,Micronesia (Federated States of),2020,0.629,,,
,Guatemala,2020,0.635,,,
,Kiribati,2020,0.623,,,
,Honduras,2020,0.621,,,
,Sao Tome and Principe,2020,0.619,,,
,Namibia,2020,0.633,,,
,Lao People's Democratic Republic,2020,0.608,,,
,Timor-Leste,2020,0.614,,,
,Vanuatu,2020,0.608,,,
,Nepal,2020,0.604,,,
,Eswatini (Kingdom of),2020,0.61,,,
,Equatorial Guinea,2020,0.599,,,
,Cambodia,2020,0.596,,,
,Zimbabwe,2020,0.6,,,
,Angola,2020,0.59,,,
,Myanmar,2020,0.6,,,
,Syrian Arab Republic,2020,0.577,,,
,Cameroon,2020,0.578,,,
,Kenya,2020,0.578,,,
,Congo,2020,0.574,,,
,Zambia,2020,0.57,,,
,Solomon Islands,2020,0.565,,,
,Comoros,2020,0.562,,,
,Papua New Guinea,2020,0.56,,,
,Mauritania,2020,0.556,,,
,Côte d'Ivoire,2020,0.551,,,
,United Republic of Tanzania,2020,0.548,,,
,Pakistan,2020,0.543,,,
,Togo,2020,0.535,,,
,Haiti,2020,0.54,,,
,Nigeria,2020,0.535,,,
,Rwanda,2020,0.532,,,
,Benin,2020,0.524,,,
,Uganda,2020,0.524,,,
,Lesotho,2020,0.521,,,
,Malawi,2020,0.516,,,
,Senegal,2020,0.513,,,
,Djibouti,2020,0.51,,,
,Sudan,2020,0.51,,,
,Madagascar,2020,0.501,,,
,Gambia,2020,0.501,,,
,Ethiopia,2020,0.498,,,
,Eritrea,2020,0.494,,,
,Guinea-Bissau,2020,0.483,,,
,Liberia,2020,0.48,,,
,Democratic Republic of the Congo,2020,0.479,,,
,Afghanistan,2020,0.483,,,
,Sierra Leone,2020,0.475,,,
,Guinea,2020,0.466,,,
,Yemen,2020,0.46,,,
,Burkina Faso,2020,0.449,,,
,Mozambique,2020,0.453,,,
,Mali,2020,0.427,,,
,Burundi,2020,0.426,,,
,Central African Republic,2020,0.407,,,
,Niger,2020,0.401,,,
,Chad,2020,0.397,,,
,South Sudan,2020,0.386,,,
1.0,Switzerland,2021,0.962,0.0,0.19,0.4
2.0,Norway,2021,0.961,0.0,0.19,0.44
3.0,Iceland,2021,0.959,0.0,0.56,0.54
4.0,"China, Hong Kong SAR",2021,0.952,3.0,0.44,0.61
5.0,Australia,2021,0.951,3.0,0.27,0.31
6.0,Denmark,2021,0.948,0.0,0.34,0.41
7.0,Sweden,2021,0.947,-2.0,0.36,0.51
8.0,Ireland,2021,0.945,6.0,0.4,0.81
9.0,Germany,2021,0.942,-5.0,0.16,0.41
10.0,Netherlands,2021,0.941,-1.0,0.24,0.34
11.0,Finland,2021,0.94,0.0,0.29,0.47
12.0,Singapore,2021,0.939,-1.0,0.29,0.83
13.0,Belgium,2021,0.937,2.0,0.25,0.45
13.0,New Zealand,2021,0.937,-3.0,0.15,0.49
15.0,Canada,2021,0.936,-2.0,0.25,0.27
16.0,Liechtenstein,2021,0.935,-1.0,0.22,
17.0,Luxembourg,2021,0.93,3.0,0.18,0.54
18.0,United Kingdom,2021,0.929,-3.0,0.17,0.47
19.0,Japan,2021,0.925,0.0,0.27,0.29
19.0,Republic of Korea,2021,0.925,3.0,0.35,0.74
21.0,United States of America,2021,0.921,-3.0,0.1,0.18
22.0,Israel,2021,0.919,0.0,0.25,0.5
23.0,Malta,2021,0.918,4.0,0.58,0.74
23.0,Slovenia,2021,0.918,1.0,0.28,
25.0,Austria,2021,0.916,-4.0,0.14,0.34
26.0,United Arab Emirates,2021,0.911,9.0,0.8,0.73
27.0,Spain,2021,0.905,0.0,0.38,0.58
28.0,France,2021,0.903,-3.0,0.27,0.43
29.0,Cyprus,2021,0.896,3.0,0.41,0.73
30.0,Italy,2021,0.895,-1.0,0.13,0.45
31.0,Estonia,2021,0.89,-2.0,0.3,0.63
32.0,Czechia,2021,0.889,-6.0,0.2,0.58
33.0,Greece,2021,0.887,-2.0,0.19,0.5
34.0,Poland,2021,0.876,-1.0,0.37,0.65
35.0,Bahrain,2021,0.875,3.0,0.73,0.53
35.0,Lithuania,2021,0.875,1.0,0.35,0.57
35.0,Saudi Arabia,2021,0.875,2.0,0.64,0.83
38.0,Portugal,2021,0.866,2.0,0.4,0.68
39.0,Latvia,2021,0.863,1.0,0.42,0.54
40.0,Andorra,2021,0.858,-6.0,0.11,
40.0,Croatia,2021,0.858,5.0,0.4,
42.0,Chile,2021,0.855,1.0,0.46,0.62
42.0,Qatar,2021,0.855,1.0,0.23,0.39
44.0,San Marino,2021,0.853,,,
45.0,Slovakia,2021,0.848,-5.0,0.09,0.66
46.0,Hungary,2021,0.846,1.0,0.2,0.52
47.0,Argentina,2021,0.842,-4.0,0.09,0.49
48.0,Türkiye,2021,0.838,6.0,1.03,1.08
49.0,Montenegro,2021,0.832,3.0,0.27,
50.0,Kuwait,2021,0.831,-1.0,0.2,0.47
51.0,Brunei Darussalam,2021,0.829,-3.0,0.01,0.24
52.0,Russian Federation,2021,0.822,-2.0,0.29,0.33
53.0,Romania,2021,0.821,3.0,0.16,0.5
54.0,Oman,2021,0.816,-3.0,0.32,
55.0,Bahamas,2021,0.812,-2.0,0.0,
56.0,Kazakhstan,2021,0.811,4.0,0.51,0.6
57.0,Trinidad and Tobago,2021,0.81,-2.0,0.23,0.66
58.0,Costa Rica,2021,0.809,4.0,0.43,0.66
58.0,Uruguay,2021,0.809,0.0,0.25,0.46
60.0,Belarus,2021,0.808,-3.0,0.21,
61.0,Panama,2021,0.805,0.0,0.37,0.6
62.0,Malaysia,2021,0.803,1.0,0.39,0.73
63.0,Georgia,2021,0.802,7.0,0.5,
63.0,Mauritius,2021,0.802,2.0,0.55,0.8
63.0,Serbia,2021,0.802,4.0,0.41,
66.0,Thailand,2021,0.8,6.0,0.75,1.07
67.0,Albania,2021,0.796,-2.0,0.49,0.67
68.0,Bulgaria,2021,0.795,-9.0,0.06,0.49
68.0,Grenada,2021,0.795,2.0,0.15,
70.0,Barbados,2021,0.79,-2.0,0.02,0.28
71.0,Antigua and Barbuda,2021,0.788,-3.0,-0.02,
72.0,Seychelles,2021,0.785,-8.0,0.1,
73.0,Sri Lanka,2021,0.782,9.0,0.54,0.67
74.0,Bosnia and Herzegovina,2021,0.78,10.0,0.67,
75.0,Saint Kitts and Nevis,2021,0.777,2.0,0.21,
76.0,Iran (Islamic Republic of),2021,0.774,-2.0,0.35,0.82
77.0,Ukraine,2021,0.773,-2.0,0.11,0.19
78.0,North Macedonia,2021,0.77,5.0,0.39,
79.0,China,2021,0.768,19.0,0.97,1.5
80.0,Dominican Republic,2021,0.767,16.0,0.73,0.92
80.0,Moldova (Republic of),2021,0.767,9.0,0.45,0.52
80.0,Palau,2021,0.767,-7.0,-0.07,
83.0,Cuba,2021,0.764,-7.0,-0.19,0.38
84.0,Peru,2021,0.762,1.0,0.45,0.66
85.0,Armenia,2021,0.759,-5.0,0.16,0.47
86.0,Mexico,2021,0.758,-8.0,0.15,0.44
87.0,Brazil,2021,0.754,1.0,0.38,0.69
88.0,Colombia,2021,0.752,-1.0,0.32,0.68
89.0,Saint Vincent and the Grenadines,2021,0.751,-4.0,0.21,
90.0,Maldives,2021,0.747,6.0,0.75,
91.0,Algeria,2021,0.745,2.0,0.3,0.75
91.0,Azerbaijan,2021,0.745,-1.0,0.22,
91.0,Tonga,2021,0.745,10.0,0.4,0.47
91.0,Turkmenistan,2021,0.745,2.0,0.43,
95.0,Ecuador,2021,0.74,-14.0,0.05,0.41
96.0,Mongolia,2021,0.739,4.0,0.48,0.79
97.0,Egypt,2021,0.731,13.0,0.73,0.79
97.0,Tunisia,2021,0.731,1.0,0.14,0.77
99.0,Fiji,2021,0.73,3.0,0.2,0.42
99.0,Suriname,2021,0.73,-7.0,0.09,
101.0,Uzbekistan,2021,0.727,11.0,0.7,
102.0,Dominica,2021,0.72,11.0,0.11,
102.0,Jordan,2021,0.72,2.0,-0.06,0.47
104.0,Libya,2021,0.718,10.0,-0.26,0.24
105.0,Paraguay,2021,0.717,-2.0,0.42,0.6
106.0,"Palestine, State of",2021,0.715,2.0,0.36,
106.0,Saint Lucia,2021,0.715,-11.0,-0.16,0.11
108.0,Guyana,2021,0.714,12.0,0.77,1.1
109.0,South Africa,2021,0.713,-4.0,0.5,0.39
110.0,Jamaica,2021,0.709,-3.0,0.06,0.24
111.0,Samoa,2021,0.707,-6.0,-0.08,
112.0,Gabon,2021,0.706,2.0,0.56,0.47
112.0,Lebanon,2021,0.706,-21.0,-0.79,
114.0,Indonesia,2021,0.705,3.0,0.55,0.95
115.0,Viet Nam,2021,0.703,5.0,0.53,1.22
116.0,Philippines,2021,0.699,0.0,0.33,0.5
117.0,Botswana,2021,0.693,-6.0,0.44,0.54
118.0,Bolivia (Plurinational State of),2021,0.692,0.0,0.4,0.74
118.0,Kyrgyzstan,2021,0.692,0.0,0.38,0.26
120.0,Venezuela (Bolivarian Republic of),2021,0.691,-41.0,-0.8,0.15
121.0,Iraq,2021,0.686,1.0,0.63,0.85
122.0,Tajikistan,2021,0.685,3.0,0.68,0.28
123.0,Belize,2021,0.683,-14.0,-0.31,0.46
123.0,Morocco,2021,0.683,3.0,1.14,1.38
125.0,El Salvador,2021,0.675,-2.0,0.22,0.81
126.0,Nicaragua,2021,0.667,1.0,0.76,1.0
127.0,Bhutan,2021,0.666,6.0,1.25,
128.0,Cabo Verde,2021,0.662,-4.0,0.25,
129.0,Bangladesh,2021,0.661,11.0,1.64,1.66
130.0,Tuvalu,2021,0.641,-2.0,0.36,0.44
131.0,Marshall Islands,2021,0.639,-1.0,,
132.0,India,2021,0.633,-1.0,0.88,1.22
133.0,Ghana,2021,0.632,5.0,0.88,1.03
134.0,Micronesia (Federated States of),2021,0.628,0.0,0.04,
135.0,Guatemala,2021,0.627,-6.0,0.33,0.84
136.0,Kiribati,2021,0.624,-1.0,0.53,
137.0,Honduras,2021,0.621,0.0,0.36,0.6
138.0,Sao Tome and Principe,2021,0.618,4.0,1.0,0.78
139.0,Namibia,2021,0.615,-7.0,0.46,0.19
140.0,Lao People's Democratic Republic,2021,0.607,1.0,0.88,1.31
140.0,Timor-Leste,2021,0.607,-4.0,-0.18,
140.0,Vanuatu,2021,0.607,3.0,0.24,
143.0,Nepal,2021,0.602,4.0,0.94,1.34
144.0,Eswatini (Kingdom of),2021,0.597,4.0,1.57,0.29
145.0,Equatorial Guinea,2021,0.596,-6.0,0.26,
146.0,Cambodia,2021,0.593,3.0,0.85,1.46
146.0,Zimbabwe,2021,0.593,-1.0,1.34,0.49
148.0,Angola,2021,0.586,-3.0,1.27,
149.0,Myanmar,2021,0.585,1.0,1.26,1.83
150.0,Syrian Arab Republic,2021,0.577,5.0,-1.21,0.09
151.0,Cameroon,2021,0.576,2.0,1.06,0.79
152.0,Kenya,2021,0.575,0.0,0.49,0.63
153.0,Congo,2021,0.571,-9.0,0.16,0.29
154.0,Zambia,2021,0.565,-4.0,0.6,1.02
155.0,Solomon Islands,2021,0.564,-1.0,0.23,
156.0,Comoros,2021,0.558,0.0,0.64,
156.0,Papua New Guinea,2021,0.558,2.0,1.02,1.33
158.0,Mauritania,2021,0.556,-2.0,0.79,1.09
159.0,Côte d'Ivoire,2021,0.55,8.0,1.38,0.82
160.0,United Republic of Tanzania,2021,0.549,2.0,0.98,1.27
161.0,Pakistan,2021,0.544,-2.0,0.68,1.0
162.0,Togo,2021,0.539,4.0,1.12,0.89
163.0,Haiti,2021,0.535,-3.0,1.94,0.71
163.0,Nigeria,2021,0.535,1.0,0.95,
165.0,Rwanda,2021,0.534,0.0,0.8,1.68
166.0,Benin,2021,0.525,-6.0,0.59,1.23
166.0,Uganda,2021,0.525,-3.0,0.41,1.52
168.0,Lesotho,2021,0.514,3.0,0.88,0.23
169.0,Malawi,2021,0.512,4.0,1.06,1.71
170.0,Senegal,2021,0.511,-1.0,0.8,1.02
171.0,Djibouti,2021,0.509,1.0,0.96,
172.0,Sudan,2021,0.508,-4.0,0.4,1.34
173.0,Madagascar,2021,0.501,-3.0,0.16,
174.0,Gambia,2021,0.5,1.0,0.76,1.22
175.0,Ethiopia,2021,0.498,6.0,1.74,
176.0,Eritrea,2021,0.492,-2.0,0.55,
177.0,Guinea-Bissau,2021,0.483,2.0,0.79,
178.0,Liberia,2021,0.481,0.0,0.41,
179.0,Democratic Republic of the Congo,2021,0.479,1.0,1.01,0.7
180.0,Afghanistan,2021,0.478,-5.0,0.59,1.82
181.0,Sierra Leone,2021,0.477,1.0,1.01,1.38
182.0,Guinea,2021,0.465,1.0,1.04,1.78
183.0,Yemen,2021,0.455,-6.0,-1.03,0.56
184.0,Burkina Faso,2021,0.449,2.0,1.72,
185.0,Mozambique,2021,0.446,-2.0,0.95,2.05
186.0,Mali,2021,0.428,1.0,0.53,1.92
187.0,Burundi,2021,0.426,-2.0,0.46,1.25
188.0,Central African Republic,2021,0.404,2.0,0.75,0.58
189.0,Niger,2021,0.4,2.0,1.54,2.01
190.0,Chad,2021,0.394,-1.0,0.77,
191.0,South Sudan,2021,0.385,-3.0,-1.0,
,Arab States,1990,0.556,,,
,East Asia and the Pacific,1990,0.519,,,
,Europe and Central Asia,1990,0.652,,,
,Latin America and the Caribbean,1990,0.628,,,
,South Asia,1990,0.441,,,
,Sub-Saharan Africa,1990,0.402,,,
,WORLD,1990,0.598,,,
,Arab States,2000,0.613,,,
,East Asia and the Pacific,2000,0.597,,,
,Europe and Central Asia,2000,0.667,,,
,Latin America and the Caribbean,2000,0.687,,,
,South Asia,2000,0.505,,,
,Sub-Saharan Africa,2000,0.423,,,
,WORLD,2000,0.641,,,
,Arab States,2010,0.676,,,
,East Asia and the Pacific,2010,0.691,,,
,Europe and Central Asia,2010,0.735,,,
,Latin America and the Caribbean,2010,0.731,,,
,South Asia,2010,0.585,,,
,Sub-Saharan Africa,2010,0.498,,,
,WORLD,2010,0.697,,,
,Arab States,2013,0.688,,,
,East Asia and the Pacific,2013,0.714,,,
,Europe and Central Asia,2013,0.759,,,
,Latin America and the Caribbean,2013,0.748,,,
,South Asia,2013,0.607,,,
,Sub-Saharan Africa,2013,0.521,,,
,WORLD,2013,0.713,,,
,Arab States,2015,0.695,,,
,East Asia and the Pacific,2015,0.727,,,
,Europe and Central Asia,2015,0.770,,,
,Latin America and the Caribbean,2015,0.754,,,
,South Asia,2015,0.624,,,
,Sub-Saharan Africa,2015,0.532,,,
,WORLD,2015,0.722,,,
,Arab States,2016,0.699,,,
,East Asia and the Pacific,2016,0.733,,,
,Europe and Central Asia,2016,0.772,,,
,Latin America and the Caribbean,2016,0.756,,,
,South Asia,2016,0.634,,,
,Sub-Saharan Africa,2016,0.535,,,
,WORLD,2016,0.727,,,
,Arab States,2017,0.701,,,
,East Asia and the Pacific,2017,0.737,,,
,Europe and Central Asia,2017,0.776,,,
,Latin America and the Caribbean,2017,0.758,,,
,South Asia,2017,0.639,,,
,Sub-Saharan Africa,2017,0.539,,,
,WORLD,2017,0.729,,,
,Arab States,2018,0.703,,,
,East Asia and the Pacific,2018,0.741,,,
,Europe and Central Asia,2018,0.779,,,
,Latin America and the Caribbean,2018,0.759,,,
,South Asia,2018,0.642,,,
,Sub-Saharan Africa,2018,0.541,,,
,WORLD,2018,0.731,,,